<?xml version="1.0" encoding="UTF-8"?>
<!DOCTYPE mapper PUBLIC "-//mybatis.org//DTD Mapper 3.0//EN" "http://mybatis.org/dtd/mybatis-3-mapper.dtd">
<mapper namespace="edu.bjtu.android.dao.CourseMapper">
  <resultMap id="BaseResultMap" type="edu.bjtu.android.entity.Course">
    <!--
      WARNING - @mbg.generated
      This element is automatically generated by MyBatis Generator, do not modify.
    -->
    <id column="id" jdbcType="VARCHAR" property="id" />
    <result column="name" jdbcType="VARCHAR" property="name" />
    <result column="code" jdbcType="VARCHAR" property="code" />
    <result column="category_id" jdbcType="VARCHAR" property="categoryId" />
    <result column="description" jdbcType="VARCHAR" property="description" />
    <result column="price" jdbcType="VARCHAR" property="price" />
    <result column="status" jdbcType="VARCHAR" property="status" />
    <result column="open_date" jdbcType="DATE" property="openDate" />
    <result column="last_update_on" jdbcType="TIMESTAMP" property="lastUpdateOn" />
    <result column="level" jdbcType="VARCHAR" property="level" />
    <result column="shared" jdbcType="VARCHAR" property="shared" />
    <result column="shared_url" jdbcType="VARCHAR" property="sharedUrl" />
    <result column="avatar" jdbcType="VARCHAR" property="avatar" />
    <result column="big_avatar" jdbcType="VARCHAR" property="bigAvatar" />
    <result column="certification" jdbcType="VARCHAR" property="certification" />
    <result column="certification_duration" jdbcType="VARCHAR" property="certificationDuration" />
  </resultMap>
  <delete id="deleteByPrimaryKey" parameterType="java.lang.String">
    <!--
      WARNING - @mbg.generated
      This element is automatically generated by MyBatis Generator, do not modify.
    -->
    delete from course
    where id = #{id,jdbcType=VARCHAR}
  </delete>
  <insert id="insert" parameterType="edu.bjtu.android.entity.Course">
    <!--
      WARNING - @mbg.generated
      This element is automatically generated by MyBatis Generator, do not modify.
    -->
    <selectKey keyProperty="id" order="AFTER" resultType="java.lang.String">
      SELECT LAST_INSERT_ID()
    </selectKey>
    insert into course (`name`, code, category_id, 
      description, price, `status`, 
      open_date, last_update_on, `level`, 
      shared, shared_url, avatar, 
      big_avatar, certification, certification_duration
      )
    values (#{name,jdbcType=VARCHAR}, #{code,jdbcType=VARCHAR}, #{categoryId,jdbcType=VARCHAR}, 
      #{description,jdbcType=VARCHAR}, #{price,jdbcType=VARCHAR}, #{status,jdbcType=VARCHAR}, 
      #{openDate,jdbcType=DATE}, #{lastUpdateOn,jdbcType=TIMESTAMP}, #{level,jdbcType=VARCHAR}, 
      #{shared,jdbcType=VARCHAR}, #{sharedUrl,jdbcType=VARCHAR}, #{avatar,jdbcType=VARCHAR}, 
      #{bigAvatar,jdbcType=VARCHAR}, #{certification,jdbcType=VARCHAR}, #{certificationDuration,jdbcType=VARCHAR}
      )
  </insert>
  <update id="updateByPrimaryKey" parameterType="edu.bjtu.android.entity.Course">
    <!--
      WARNING - @mbg.generated
      This element is automatically generated by MyBatis Generator, do not modify.
    -->
    update course
    set `name` = #{name,jdbcType=VARCHAR},
      code = #{code,jdbcType=VARCHAR},
      category_id = #{categoryId,jdbcType=VARCHAR},
      description = #{description,jdbcType=VARCHAR},
      price = #{price,jdbcType=VARCHAR},
      `status` = #{status,jdbcType=VARCHAR},
      open_date = #{openDate,jdbcType=DATE},
      last_update_on = #{lastUpdateOn,jdbcType=TIMESTAMP},
      `level` = #{level,jdbcType=VARCHAR},
      shared = #{shared,jdbcType=VARCHAR},
      shared_url = #{sharedUrl,jdbcType=VARCHAR},
      avatar = #{avatar,jdbcType=VARCHAR},
      big_avatar = #{bigAvatar,jdbcType=VARCHAR},
      certification = #{certification,jdbcType=VARCHAR},
      certification_duration = #{certificationDuration,jdbcType=VARCHAR}
    where id = #{id,jdbcType=VARCHAR}
  </update>
  <select id="selectByPrimaryKey" parameterType="java.lang.String" resultMap="BaseResultMap">
    <!--
      WARNING - @mbg.generated
      This element is automatically generated by MyBatis Generator, do not modify.
    -->
    select id, `name`, code, category_id, description, price, `status`, open_date, last_update_on, 
    `level`, shared, shared_url, avatar, big_avatar, certification, certification_duration
    from course
    where id = #{id,jdbcType=VARCHAR}
  </select>
  <select id="selectAll" resultMap="BaseResultMap">
    <!--
      WARNING - @mbg.generated
      This element is automatically generated by MyBatis Generator, do not modify.
    -->
    select id, `name`, code, category_id, description, price, `status`, open_date, last_update_on, 
    `level`, shared, shared_url, avatar, big_avatar, certification, certification_duration
    from course
  </select>
</mapper>