<?xml version="1.0" encoding="UTF-8"?>
<!DOCTYPE mapper PUBLIC "-//mybatis.org//DTD Mapper 3.0//EN" "http://mybatis.org/dtd/mybatis-3-mapper.dtd">
<mapper namespace="edu.bjtu.android.dao.MaterialMapper">
  <resultMap id="BaseResultMap" type="edu.bjtu.android.entity.Material">
    <!--
      WARNING - @mbg.generated
      This element is automatically generated by MyBatis Generator, do not modify.
    -->
    <id column="id" jdbcType="VARCHAR" property="id" />
    <result column="course_id" jdbcType="VARCHAR" property="courseId" />
    <result column="mediatype" jdbcType="VARCHAR" property="mediatype" />
    <result column="material_type" jdbcType="VARCHAR" property="materialType" />
    <result column="material_url" jdbcType="VARCHAR" property="materialUrl" />
    <result column="create_date" jdbcType="TIMESTAMP" property="createDate" />
    <result column="description" jdbcType="VARCHAR" property="description" />
    <result column="status" jdbcType="VARCHAR" property="status" />
  </resultMap>
  <delete id="deleteByPrimaryKey" parameterType="java.lang.String">
    <!--
      WARNING - @mbg.generated
      This element is automatically generated by MyBatis Generator, do not modify.
    -->
    delete from material
    where id = #{id,jdbcType=VARCHAR}
  </delete>
  <insert id="insert" parameterType="edu.bjtu.android.entity.Material">
    <!--
      WARNING - @mbg.generated
      This element is automatically generated by MyBatis Generator, do not modify.
    -->
    <selectKey keyProperty="id" order="AFTER" resultType="java.lang.String">
      SELECT LAST_INSERT_ID()
    </selectKey>
    insert into material (course_id, mediatype, material_type, 
      material_url, create_date, description, 
      `status`)
    values (#{courseId,jdbcType=VARCHAR}, #{mediatype,jdbcType=VARCHAR}, #{materialType,jdbcType=VARCHAR}, 
      #{materialUrl,jdbcType=VARCHAR}, #{createDate,jdbcType=TIMESTAMP}, #{description,jdbcType=VARCHAR}, 
      #{status,jdbcType=VARCHAR})
  </insert>
  <update id="updateByPrimaryKey" parameterType="edu.bjtu.android.entity.Material">
    <!--
      WARNING - @mbg.generated
      This element is automatically generated by MyBatis Generator, do not modify.
    -->
    update material
    set course_id = #{courseId,jdbcType=VARCHAR},
      mediatype = #{mediatype,jdbcType=VARCHAR},
      material_type = #{materialType,jdbcType=VARCHAR},
      material_url = #{materialUrl,jdbcType=VARCHAR},
      create_date = #{createDate,jdbcType=TIMESTAMP},
      description = #{description,jdbcType=VARCHAR},
      `status` = #{status,jdbcType=VARCHAR}
    where id = #{id,jdbcType=VARCHAR}
  </update>
  <select id="selectByPrimaryKey" parameterType="java.lang.String" resultMap="BaseResultMap">
    <!--
      WARNING - @mbg.generated
      This element is automatically generated by MyBatis Generator, do not modify.
    -->
    select id, course_id, mediatype, material_type, material_url, create_date, description, 
    `status`
    from material
    where id = #{id,jdbcType=VARCHAR}
  </select>
  <select id="selectAll" resultMap="BaseResultMap">
    <!--
      WARNING - @mbg.generated
      This element is automatically generated by MyBatis Generator, do not modify.
    -->
    select id, course_id, mediatype, material_type, material_url, create_date, description, 
    `status`
    from material
  </select>
  <select id="selectByCourseId" parameterType="java.lang.String" resultMap="BaseResultMap">
    <!--
      WARNING - @mbg.generated
      This element is automatically generated by MyBatis Generator, do not modify.
    -->
    select id, course_id, mediatype, material_type, material_url, create_date, description, 
    `status`
    from material
    where course_id = #{courseId,jdbcType=VARCHAR}
  </select>
  
</mapper>