<?xml version="1.0" encoding="UTF-8"?>
<!DOCTYPE mapper PUBLIC "-//mybatis.org//DTD Mapper 3.0//EN" "http://mybatis.org/dtd/mybatis-3-mapper.dtd">
<mapper namespace="edu.bjtu.android.dao.TeacherMapper">
  <resultMap id="BaseResultMap" type="edu.bjtu.android.entity.Teacher">
    <!--
      WARNING - @mbg.generated
      This element is automatically generated by MyBatis Generator, do not modify.
    -->
    <id column="userid" jdbcType="VARCHAR" property="userid" />
    <result column="course_id" jdbcType="VARCHAR" property="courseId" />
    <result column="name" jdbcType="VARCHAR" property="name" />
    <result column="photo" jdbcType="VARCHAR" property="photo" />
    <result column="telephone" jdbcType="VARCHAR" property="telephone" />
    <result column="email" jdbcType="VARCHAR" property="email" />
    <result column="description" jdbcType="VARCHAR" property="description" />
  </resultMap>
  <delete id="deleteByPrimaryKey" parameterType="java.lang.String">
    <!--
      WARNING - @mbg.generated
      This element is automatically generated by MyBatis Generator, do not modify.
    -->
    delete from teacher
    where userid = #{userid,jdbcType=VARCHAR}
  </delete>
  <insert id="insert" parameterType="edu.bjtu.android.entity.Teacher">
    <!--
      WARNING - @mbg.generated
      This element is automatically generated by MyBatis Generator, do not modify.
    -->
    <selectKey keyProperty="userid" order="AFTER" resultType="java.lang.String">
      SELECT LAST_INSERT_ID()
    </selectKey>
    insert into teacher (course_id, `name`, photo, 
      telephone, email, description
      )
    values (#{courseId,jdbcType=VARCHAR}, #{name,jdbcType=VARCHAR}, #{photo,jdbcType=VARCHAR}, 
      #{telephone,jdbcType=VARCHAR}, #{email,jdbcType=VARCHAR}, #{description,jdbcType=VARCHAR}
      )
  </insert>
  <update id="updateByPrimaryKey" parameterType="edu.bjtu.android.entity.Teacher">
    <!--
      WARNING - @mbg.generated
      This element is automatically generated by MyBatis Generator, do not modify.
    -->
    update teacher
    set course_id = #{courseId,jdbcType=VARCHAR},
      `name` = #{name,jdbcType=VARCHAR},
      photo = #{photo,jdbcType=VARCHAR},
      telephone = #{telephone,jdbcType=VARCHAR},
      email = #{email,jdbcType=VARCHAR},
      description = #{description,jdbcType=VARCHAR}
    where userid = #{userid,jdbcType=VARCHAR}
  </update>
  <select id="selectByPrimaryKey" parameterType="java.lang.String" resultMap="BaseResultMap">
    <!--
      WARNING - @mbg.generated
      This element is automatically generated by MyBatis Generator, do not modify.
    -->
    select userid, course_id, `name`, photo, telephone, email, description
    from teacher
    where userid = #{userid,jdbcType=VARCHAR}
  </select>
  <select id="selectAll" resultMap="BaseResultMap">
    <!--
      WARNING - @mbg.generated
      This element is automatically generated by MyBatis Generator, do not modify.
    -->
    select userid, course_id, `name`, photo, telephone, email, description
    from teacher
  </select>
    <select id="selectByCourseId" parameterType="java.lang.String" resultMap="BaseResultMap">
    <!--
      WARNING - @mbg.generated
      This element is automatically generated by MyBatis Generator, do not modify.
    -->
    select userid, course_id, `name`, photo, telephone, email, description
    from teacher
    where course_id = #{courseId,jdbcType=VARCHAR}
  </select>
  
</mapper>