<?xml version="1.0" encoding="UTF-8"?>
<!DOCTYPE mapper PUBLIC "-//mybatis.org//DTD Mapper 3.0//EN" "http://mybatis.org/dtd/mybatis-3-mapper.dtd">
<mapper namespace="edu.bjtu.android.dao.UserMapper">
  <resultMap id="BaseResultMap" type="edu.bjtu.android.entity.User">
    <!--
      WARNING - @mbg.generated
      This element is automatically generated by MyBatis Generator, do not modify.
    -->
    <id column="userid" jdbcType="VARCHAR" property="userid" />
    <result column="name" jdbcType="VARCHAR" property="name" />
    <result column="password" jdbcType="VARCHAR" property="password" />
  </resultMap>
  <delete id="deleteByPrimaryKey" parameterType="java.lang.String">
    <!--
      WARNING - @mbg.generated
      This element is automatically generated by MyBatis Generator, do not modify.
    -->
    delete from user
    where userid = #{userid,jdbcType=VARCHAR}
  </delete>
  <insert id="insert" parameterType="edu.bjtu.android.entity.User">
    <!--
      WARNING - @mbg.generated
      This element is automatically generated by MyBatis Generator, do not modify.
    -->
    <selectKey keyProperty="userid" order="AFTER" resultType="java.lang.String">
      SELECT LAST_INSERT_ID()
    </selectKey>
    insert into user (`name`, `password`)
    values (#{name,jdbcType=VARCHAR}, #{password,jdbcType=VARCHAR})
  </insert>
  <update id="updateByPrimaryKey" parameterType="edu.bjtu.android.entity.User">
    <!--
      WARNING - @mbg.generated
      This element is automatically generated by MyBatis Generator, do not modify.
    -->
    update user
    set `name` = #{name,jdbcType=VARCHAR},
      `password` = #{password,jdbcType=VARCHAR}
    where userid = #{userid,jdbcType=VARCHAR}
  </update>
  <select id="selectByPrimaryKey" parameterType="java.lang.String" resultMap="BaseResultMap">
    <!--
      WARNING - @mbg.generated
      This element is automatically generated by MyBatis Generator, do not modify.
    -->
    select userid, `name`, `password`
    from user
    where userid = #{userid,jdbcType=VARCHAR}
  </select>
  <select id="selectAll" resultMap="BaseResultMap">
    <!--
      WARNING - @mbg.generated
      This element is automatically generated by MyBatis Generator, do not modify.
    -->
    select userid, `name`, `password`
    from user
  </select>
  <select id="selectByUid" resultMap="BaseResultMap">
    <!--
      WARNING - @mbg.generated
      This element is automatically generated by MyBatis Generator, do not modify.
    -->
    select userid, `name`, `password`
    from user
  </select>
  <select id="selectByUserName" resultMap="BaseResultMap">
    select userid, `name`, `password`
    from user
    where name= #{name,jdbcType=VARCHAR}
  </select>
</mapper>